{"issues":[],"originID":"74c4f057-8d17-4a94-975a-4c7e6a82d44e","originEID":"mc7c92lm3smgrz3v30tkg20v1430","data":{"categoryId":"{{mcpm#/entities/categories/423952/data/id}}","description":"","name":"Triggered Email Monitor","steps":[{"activities":[{"name":"Triggered Email Monitor","activityObjectId":"{{mcpm#/entities/scriptActivities/8715faf8-740d-4a92-b0f4-d2ffc9a0bc2a/data/id}}","objectTypeId":423,"displayOrder":0,"serializedObject":""}],"annotation":"","name":""}],"startSource":{"typeId":1}}}