{"issues":[],"originID":"0c88267b-7494-ec11-b831-48df37deb184","originEID":"mc7c92lm3smgrz3v30tkg20v1430","data":{"categoryId":"{{mcpm#/entities/categories/423955/data/id}}","dataRetentionProperties":{"isDeleteAtEndOfRetentionPeriod":false,"isResetRetentionPeriodOnImport":false,"isRowBasedRetention":false,"rowBasedThreshold":100000000},"description":"","isFieldAdditionAllowed":true,"isFieldModificationAllowed":true,"isObjectDeletable":true,"isSendable":false,"isTestable":false,"name":"Triggered_Send_Error_Log","fields":[{"description":"","isHidden":false,"isInheritable":false,"isOverridable":false,"isPrimaryKey":false,"isNullable":false,"isReadOnly":false,"isTemplateField":false,"length":100,"masktype":"None","mustOverride":false,"name":"TSExternalKey","ordinal":0,"type":"Text"},{"description":"","isHidden":false,"isInheritable":false,"isOverridable":false,"isPrimaryKey":false,"isNullable":true,"isReadOnly":false,"isTemplateField":false,"length":255,"masktype":"None","mustOverride":false,"name":"TSName","ordinal":1,"type":"Text"},{"description":"","isHidden":false,"isInheritable":false,"isOverridable":false,"isPrimaryKey":false,"isNullable":true,"isReadOnly":false,"isTemplateField":false,"masktype":"None","mustOverride":false,"name":"ReportedTime","ordinal":2,"type":"Date"}]}}