{"issues":[],"originID":"2e2fd350-7494-ec11-b831-48df37deb184","originEID":"mc7c92lm3smgrz3v30tkg20v1430","data":{"categoryId":"{{mcpm#/entities/categories/423955/data/id}}","dataRetentionProperties":{"isDeleteAtEndOfRetentionPeriod":false,"isResetRetentionPeriodOnImport":false,"isRowBasedRetention":false,"rowBasedThreshold":100000000},"description":"","isFieldAdditionAllowed":true,"isFieldModificationAllowed":true,"isObjectDeletable":true,"isSendable":false,"isTestable":false,"name":"Triggered_Sends_Monitored_List","fields":[{"description":"","isHidden":false,"isInheritable":false,"isOverridable":false,"isPrimaryKey":true,"isNullable":false,"isReadOnly":false,"isTemplateField":false,"length":100,"masktype":"None","mustOverride":false,"name":"TSExternalKey","ordinal":0,"type":"Text"},{"defaultValue":"False","description":"","isHidden":false,"isInheritable":false,"isOverridable":false,"isPrimaryKey":false,"isNullable":true,"isReadOnly":false,"isTemplateField":false,"masktype":"None","mustOverride":false,"name":"Monitor","ordinal":1,"type":"Boolean"}]}}