{"dataExtensions/0c88267b-7494-ec11-b831-48df37deb184":["categories/423955"],"dataExtensions/2e2fd350-7494-ec11-b831-48df37deb184":["categories/423955"],"automations/74c4f057-8d17-4a94-975a-4c7e6a82d44e":["scriptActivities/8715faf8-740d-4a92-b0f4-d2ffc9a0bc2a","categories/423952"],"categories/423955":["categories/423954"],"scriptActivities/8715faf8-740d-4a92-b0f4-d2ffc9a0bc2a":["categories/22866"],"categories/423954":["categories/22859"],"categories/423952":["categories/28730"],"categories/22866":[],"categories/22859":[],"categories/28730":[]}