{"issues":[],"originID":"bf3d1400-bc90-4284-98be-15bbc97cccf6","originEID":"mc7c92lm3smgrz3v30tkg20v1430","data":{"name":"","notificationEmailMessage":"Alert: Please note there are production automations that have not successfully completed in their normal schedule.\n\nYou can view the automations that generated this error in Data Extensions > Reporting > Monitoring > Required_Automation_Error_List\n\nIf you need to amend the list of automations to check and their schedule, you can modify the data in Data Extensions > Reporting > Monitoring > Required_Automation_Register","shouldStopOnFailure":false,"targetObjectId":"{{mcpm#/entities/dataExtensions/ec34ec7a-b593-ec11-b831-48df37deb184/data/id}}","value1":0,"value2":0,"verificationType":"IsGreaterThan"}}