{"issues":[],"originID":"92bc9349-e4ea-48f1-8641-03f8a3a2fc2e","originEID":"mc7c92lm3smgrz3v30tkg20v1430","data":{"name":"Required Automation Checker","script":"<script runat=\"server\">\n\nPlatform.Load(\"Core\",\"1.1.1\");\n\nvar autoErrorDE = \"Required_Automation_Error_List\";\nvar autoDE = DataExtension.Init(\"{{mcpm#/entities/dataExtensions/ed34ec7a-b593-ec11-b831-48df37deb184/data/customerKey}}\"); //Required_Automation_Register\nvar autoDEFilter = {Property:\"InProduction\", SimpleOperator:\"equals\", Value:true};\nvar currentTime = new Date();\n\ntry {\n  // Clean out any existing rows from the error DE\n  Platform.Function.DeleteData(autoErrorDE,[\"LookupRef\"],[1]);\n\n  // Get all the records in the automation DE that are set to be in production\n  var autoDERows = autoDE.Rows.Retrieve(autoDEFilter);\n\n  if (autoDERows.length > 0) {\n    for (var i=0; i<autoDERows.length; i++) {\n      var autoName = autoDERows[i].AutomationName;\n      var autoFrequency = autoDERows[i].MinDaysBetweenRuns;\n\n      var prox = new Script.Util.WSProxy();\n\n      var cols = [\"Name\",\"CustomerKey\",\"IsActive\",\"LastRunTime\",\"ScheduledTime\"];\n      var filter = {\n          Property: \"Name\",\n          SimpleOperator: \"equals\",\n          Value: autoName\n      };\n      var res = prox.retrieve(\"Automation\", cols, filter);\n\n      var lastRunTime = new Date(res.Results[0].LastRunTime);\n      var latestNextRunTime = new Date(lastRunTime);\n      latestNextRunTime.setDate(latestNextRunTime.getDate() + parseInt(autoFrequency));\n\n      // Compare the last run time to the minimum run frequency\n      if (latestNextRunTime < currentTime) {\n        /* Log the automation and it's last run time into the error DE */\n        Platform.Function.InsertData(autoErrorDE, [\"AutomationName\",\"LastRunTime\"], [autoName, lastRunTime]);\n      }\n    }\n  }\n\n } catch(error) {\n  Write(Stringify(error));\n} \n\n</script>","categoryId":"{{mcpm#/entities/categories/423953/data/id}}","description":""}}