{"issues":[],"originID":"8715faf8-740d-4a92-b0f4-d2ffc9a0bc2a","originEID":"mc7c92lm3smgrz3v30tkg20v1430","data":{"name":"Triggered Email Monitor","script":"<script runat=\"server\">\r\n\r\nPlatform.Load(\"Core\", \"1.1.1\");\r\n\r\n/* --- Variables Start --- */\r\nvar mid = xxxxxxxxx;\r\n\r\n// Installed Package Settings\r\nvar clientId = 'xxxxxxxxxxxxxxxxxxxxxxxx',\r\nclientSecret = 'xxxxxxxxxxxxxxxxxxxxxxxx',\r\nauthURL = 'https://xxxxxxxxxxxxxxxxxxxxxxxxxxxx.auth.marketingcloudapis.com',\r\nrestURL = 'https://xxxxxxxxxxxxxxxxxxxxxxxxxxxx.rest.marketingcloudapis.com',\r\nversion = 2,\r\nnotifyTeam = false;\r\n\r\n// DE Details\r\nvar logDE = 'Triggered_Send_Error_Log';\r\nvar triggeredSendDE = 'Triggered_Sends_Monitored_List';\r\n\r\n/* --- Variables End --- */\r\n\r\n// Generate authentication token\r\nvar authToken = generateToken(clientId, clientSecret, mid, authURL, version);\r\n\r\n// Process the script if token is succesfully generated\r\nif (authToken) {\r\n\r\n  /*---------------------------------------------*/\r\n  /*      JOURNEY BUILDER TRIGGERED SENDS\r\n  /*---------------------------------------------*/\r\n\r\n  // Retrieve all active journeys\r\n  var activeJourneys = retrieveActiveJourneys(authToken, restURL),\r\n  jsonActiveJourneys = Platform.Function.ParseJSON(activeJourneys).items;\r\n\r\n  for (var i = 0; i < jsonActiveJourneys.length; i++) {\r\n\r\n    var journeyName = jsonActiveJourneys[i].name;\r\n\r\n    // Don't check journeys that have \"test\" in their name\r\n    if (journeyName.toLowerCase().indexOf(\"test\") == -1) {\r\n\r\n      // Generating new token because the short expiry time - should update this to track token expiry\r\n      authToken = generateToken(clientId, clientSecret, mid, authURL, version);\r\n      \r\n      // Get the detail of the journey\r\n      var journeyDetails = getJourneyDetails(jsonactiveJourneys[i].id, authToken, restURL),\r\n      jsonJourneyActivites = Platform.Function.ParseJSON(journeyDetails).activities;\r\n\r\n      // Loop to each activity and find email activities\r\n      for (var y = 0; y < jsonJourneyActivites.length; y++) {\r\n        if (jsonJourneyActivites[y].type == \"EMAILV2\") {\r\n          var triggeredSendKey = jsonJourneyActivites[y].configurationArguments.triggeredSendKey;\r\n\r\n          // Retrieve the TriggeredSendDefinition status\r\n          var triggeredSendDefinition = retrieveTriggeredDefinition(triggeredSendKey);\r\n\r\n          // Insert the inactive Triggered Send detail into a DE for the team to check\r\n          var status = checkTriggeredStatus(triggeredSendDefinition, triggeredSendKey, logDE),\r\n          notifyTeam = status == \"Inactive\" ? true : notifyTeam;\r\n          \r\n        } \r\n      }\r\n    }\r\n  }\r\n\r\n\r\n  /*---------------------------------------------*/\r\n  /*       USER INITIATED TRIGGERED SENDS\r\n  /*---------------------------------------------*/\r\n\r\n  // Retrieve all Triggered Sends that need to be check from Triggered_Sends_Monitored_List DE\r\n  var monitoredTS = Platform.Function.LookupRows(triggeredSendDE, \"Monitor\", \"True\");\r\n\r\n  if (monitoredTS && monitoredTS.length > 0) {\r\n    for (var i = 0; i < monitoredTS.length; i++) {\r\n      var triggeredSendKey = monitoredTS[i].TSExternalKey;\r\n      var triggeredSendDefinition = retrieveTriggeredDefinition(triggeredSendKey);\r\n      var status = checkTriggeredStatus(triggeredSendDefinition, triggeredSendKey, logDE),\r\n      notifyTeam = status == \"Inactive\" ? true : notifyTeam;\r\n    }\r\n  }\r\n\r\n\r\n  /* Checking is complete. If any email has been made inactive throw an error */\r\n  if (notifyTeam == true) {\r\n    throw \"There is an inactive triggered send\";\r\n  }\r\n\r\n  /* Auth token wasn't generated */\r\n  } else {\r\n    throw \"Authorisation token can't be generated\";\r\n}\r\n\r\n/* Generate an auth token */\r\nfunction generateToken(clientId, clientSecret, mid, authURL, version) {\r\n  if (version == 2) {\r\n    var versionEndpoint = '/v2/token';\r\n    var authJSON = {\r\n      \"grant_type\": \"client_credentials\",\r\n      \"client_id\": clientId,\r\n      \"client_secret\": clientSecret,\r\n      \"account_id\": mid\r\n    }\r\n  } else {\r\n    var versionEndpoint = '/v1/requestToken';\r\n    var authJSON = {\r\n      \"clientId\": clientId,\r\n      \"clientSecret\": clientSecret\r\n    }\r\n  }\r\n\r\n  var authUrl = authURL + versionEndpoint;\r\n  var contentType = 'application/json';\r\n  var authPayload = Platform.Function.Stringify(authJSON);\r\n  var accessTokenResult = HTTP.Post(authUrl, contentType, authPayload);\r\n  var statusCode = accessTokenResult[\"StatusCode\"];\r\n  var response = accessTokenResult[\"Response\"][0];\r\n\r\n  if (version == 2) {\r\n    var accessToken = Platform.Function.ParseJSON(response).access_token;\r\n  } else {\r\n    var accessToken = Platform.Function.ParseJSON(response).accessToken;\r\n  }\r\n  return accessToken;\r\n}\r\n\r\n/* Retrieve published journeys */\r\nfunction retrieveActiveJourneys(token, restAPI) {\r\n  var endpoint = restAPI + \"/interaction/v1/interactions?status=Published\";\r\n  var headerName = \"Authorization\";\r\n  var headerValue = \"Bearer \" + token;\r\n  var status;\r\n\r\n  try {\r\n    var content = Platform.Function.HTTPGet(endpoint, false, 0, [headerName], [headerValue], status);\r\n    return content;\r\n  } catch (err) {\r\n    throw (Stringify(err));\r\n  }\r\n}\r\n\r\n/* Retrieve journey activities */\r\nfunction getJourneyDetails(journeyId, token, restAPI) {\r\n  var endpoint = restAPI + \"/interaction/v1/interactions/\" + journeyId;\r\n  var headerName = \"Authorization\";\r\n  var headerValue = \"Bearer \" + token;\r\n  var status;\r\n\r\n  try {\r\n    var content = Platform.Function.HTTPGet(endpoint, false, 0, [headerName], [headerValue], status);\r\n    return content;\r\n  } catch (err) {\r\n    throw (Stringify(err));\r\n  }\r\n}\r\n\r\n/* Retrieve the details of the triggered send email */\r\nfunction retrieveTriggeredDefinition(tsKey) {\r\n  var prox = new Script.Util.WSProxy(),\r\n  attributes = [\"CustomerKey\",\"TriggeredSendStatus\", \"Name\"],\r\n  filter = {\r\n    Property: \"CustomerKey\",\r\n    SimpleOperator: \"equals\",\r\n    Value: tsKey\r\n  };\r\n\r\n  try{\r\n    var tsDef = prox.retrieve(\"TriggeredSendDefinition\", attributes, filter);\r\n    return tsDef;\r\n  } catch(err) {\r\n    throw (Stringify(err));\r\n  }\r\n}\r\n\r\n/* Check the status of the triggered send. If it is not active, log the details */\r\nfunction checkTriggeredStatus(tsDef, tsKey, logDE) {\r\n  var status = 'Ok';\r\n  \r\n  if (tsDef.Results[0].TriggeredSendStatus != \"Active\") {\r\n    var tsName = tsDef.Results[0].Name,\r\n    createdDate = Platform.Function.SystemDateToLocalDate(Now());\r\n    \r\n    // Insert the inactive Triggered Send detail on a DE for the team to check\r\n    Platform.Function.InsertData(logDE, [\"TSExternalKey\",\"TSName\",\"ReportedTime\"], [tsKey, tsName, createdDate]);\r\n\r\n    status = 'Inactive';\r\n  } \r\n\r\n  return status;\r\n}\r\n\r\n</script>","categoryId":"{{mcpm#/entities/categories/22866/data/id}}","description":""}}