{"issues":[],"originID":"3a5fdc97-6b1b-4e59-8e96-1c714dd0d493","originEID":"mc7c92lm3smgrz3v30tkg20v1430","data":{"categoryId":"{{mcpm#/entities/categories/423952/data/id}}","description":"","name":"Required Automation Checker","steps":[{"activities":[{"name":"Required Automation Checker","activityObjectId":"{{mcpm#/entities/scriptActivities/92bc9349-e4ea-48f1-8641-03f8a3a2fc2e/data/id}}","objectTypeId":423,"displayOrder":0,"serializedObject":"<SSJSActivity xmlns:xsd=\"http://www.w3.org/2001/XMLSchema\" xmlns:xsi=\"http://www.w3.org/2001/XMLSchema-instance\" xmlns=\"http://exacttarget.com/wsdl/partnerAPI\"><PartnerKey xsi:nil=\"true\" /><ObjectID>92bc9349-e4ea-48f1-8641-03f8a3a2fc2e</ObjectID><Name>Required Automation Checker</Name><CategoryId>0</CategoryId></SSJSActivity>"}],"annotation":"","name":""},{"activities":[{"name":"Required_Automation_Error_List","activityObjectId":"{{mcpm#/entities/verificationActivities/bf3d1400-bc90-4284-98be-15bbc97cccf6/data/id}}","objectTypeId":1000,"displayOrder":0,"serializedObject":"<DataVerificationActivity xmlns:xsd=\"http://www.w3.org/2001/XMLSchema\" xmlns:xsi=\"http://www.w3.org/2001/XMLSchema-instance\" xmlns=\"http://exacttarget.com/wsdl/partnerAPI\"><PartnerKey xsi:nil=\"true\" /><ObjectID>bf3d1400-bc90-4284-98be-15bbc97cccf6</ObjectID><Name>Required_Automation_Error_List</Name></DataVerificationActivity>"}],"annotation":"","name":""}],"startSource":{"typeId":1,"schedule":{"iCalRecur":"FREQ=DAILY;UNTIL=20790606;INTERVAL=1","startDate":"2021-11-25T07:00:00","timeZoneId":53}}}}