{"automations/3a5fdc97-6b1b-4e59-8e96-1c714dd0d493":["scriptActivities/92bc9349-e4ea-48f1-8641-03f8a3a2fc2e","verificationActivities/bf3d1400-bc90-4284-98be-15bbc97cccf6","categories/423952"],"dataExtensions/ec34ec7a-b593-ec11-b831-48df37deb184":["categories/423955"],"verificationActivities/bf3d1400-bc90-4284-98be-15bbc97cccf6":["dataExtensions/ec34ec7a-b593-ec11-b831-48df37deb184"],"scriptActivities/92bc9349-e4ea-48f1-8641-03f8a3a2fc2e":["dataExtensions/ed34ec7a-b593-ec11-b831-48df37deb184","categories/423953"],"categories/423955":["categories/423954"],"categories/423952":["categories/28730"],"categories/423953":["categories/22866"],"categories/423954":["categories/22859"],"categories/28730":[],"categories/22859":[],"dataExtensions/ed34ec7a-b593-ec11-b831-48df37deb184":["categories/423955"],"categories/22866":[]}